house_id,area_sqft,bedrooms,bathrooms,stories,location,year_built,price
1,3651,1,3,3,East Marcus,2018,12862519
2,1856,1,4,1,Longchester,2021,7566777
3,2127,5,1,3,Jamiefort,1991,9463470
4,1007,1,3,1,Christopherland,2000,4350470
5,834,3,4,3,Nicholasburgh,1985,5400638
6,3637,5,4,2,East Eric,1994,14600491
7,3590,4,2,3,Rodriguezchester,1981,13544678
8,2212,5,3,2,South Megantown,1983,9836387
9,1869,3,4,3,Sandraview,2019,9026381
10,1042,2,4,1,Port Jeremyshire,2014,5375157
11,3539,1,1,2,Lake Brentside,1996,11388741
12,2598,4,2,3,Jonesshire,2006,10695758
13,1276,4,1,2,Williamshire,2009,6176664
14,3445,3,4,2,East George,2016,13154902
15,3651,5,2,2,Kendrastad,2005,14388619
16,2955,1,2,2,Lake Meaganbury,2021,10398238
17,3298,4,1,3,Port Eric,2016,12835227
18,1744,3,3,3,East Heatherland,2001,7937915
19,573,4,1,3,Port Christophermouth,1998,4506247
20,3575,1,3,3,Fisherfurt,1997,12305706
21,3187,5,1,3,Josephburgh,2018,12768998
22,3402,5,3,1,New Daniel,1993,13532926
23,1388,1,1,2,Penaland,1995,5188810
24,2992,1,2,3,Thompsonberg,1986,10309118
25,1096,5,3,2,Bradleyfort,2005,7037599
26,538,3,4,3,Sellersborough,1988,4358602
27,3901,5,2,1,Jeremiahmouth,2006,14763562
28,1137,3,1,1,Wilsonmouth,2014,5166159
29,2335,5,1,3,New Rebeccaton,2015,10458533
30,2519,1,3,1,New Jeffreyfort,1999,8701845
31,3279,5,3,1,East Davidborough,1990,13043074
32,3174,1,1,2,New Melissa,1988,10435185
33,3767,1,1,2,North Haroldberg,2012,12203774
34,1594,4,4,2,East Jason,2023,8487770
35,829,1,3,1,West Lauren,1995,3927236
36,3605,4,1,3,South Melissa,1990,13474537
37,815,2,4,3,Jamieville,1995,5001832
38,1456,3,3,2,Smithville,2015,7164350
39,960,3,2,3,Georgeview,1990,5120528
40,3131,1,1,2,North Nancy,2017,10454187
41,3894,4,4,2,Lake Kennethport,2012,15139463
42,2708,1,4,2,Lake Gail,2003,10040156
43,1473,2,4,1,Diaztown,1990,6567257
44,2719,3,1,3,West Jacqueline,2000,10327109
45,1621,4,3,3,New Courtneybury,2020,8171844
46,610,4,3,3,Amyview,1983,5048332
47,811,4,2,2,Caldwellville,1983,4813713
48,3242,3,4,2,Michaelberg,1991,12563457
49,637,5,2,3,East Patrickhaven,2005,5366607
50,2450,3,4,1,Melissaville,2001,10116082
51,1989,4,2,1,New Carolberg,1999,8473889
52,2611,5,2,1,New Robertside,2002,10829016
53,1751,3,4,3,North Marcus,2008,8386085
54,1213,4,1,1,Scottberg,1982,5509891
55,2378,4,3,1,Samanthahaven,2001,9883298
56,3968,3,4,1,New Cynthia,2014,14660391
57,3761,5,1,1,Brittanyville,1999,13997131
58,2061,5,1,1,Jillianmouth,2017,8932350
59,2699,4,2,2,Williamfort,2008,10826258
60,2808,5,4,1,Lake William,2005,12006886
61,3182,1,2,3,New Kelseychester,2010,11139757
62,3181,5,2,2,West Cynthia,1982,12714037
63,1612,2,3,2,Stonehaven,2010,6991059
64,2496,5,3,3,Johnstad,1999,11340465
65,3944,5,2,1,Judystad,2022,14926409
66,3859,3,4,2,Michaelview,1996,14323546
67,748,5,3,1,West Matthew,1990,5516966
68,1961,3,4,3,Brianchester,2011,8970912
69,1748,2,4,3,West Ronniefurt,2004,7640573
70,1973,5,1,1,West Dennishaven,2012,8814623
71,2908,4,4,3,Smithbury,2019,12470498
72,1828,4,2,2,Leeside,2004,8271663
73,2171,4,3,1,Amyland,2014,9547099
74,3089,2,4,3,Adamfort,1990,11636900
75,3776,3,1,2,New Jasonfurt,2022,13660899
76,1193,4,2,2,North Jessicahaven,2005,6536091
77,2969,1,1,3,Andrewsland,1992,9853519
78,2125,3,4,3,East Julia,2017,9681662
79,1741,2,3,3,Georgeport,2002,7377866
80,3440,3,2,3,Lake Michelleborough,2008,12904282
81,3193,4,1,1,Nelsonton,2022,12200114
82,2776,2,2,3,Lake Rebeccaville,1990,10121604
83,1150,4,2,3,South Jeffrey,2022,6538427
84,3428,4,1,3,Courtneybury,2002,12828519
85,3016,3,3,3,Gillespiebury,2018,11871454
86,2053,1,2,2,Smithberg,1993,7213463
87,2430,4,1,1,West Richard,1991,9477331
88,2755,3,1,3,Port Jeremychester,2019,10628385
89,1416,1,3,2,Diazfurt,2009,5903520
90,1142,3,1,2,Andersonchester,1987,5128362
91,896,2,4,3,Port Sarahfort,1989,4945139
92,1633,5,1,3,West Kaitlynburgh,2008,8046923
93,3000,5,3,1,Port Darrell,2018,12544418
94,3250,2,1,2,South Danny,2011,11291620
95,3170,5,1,1,Johnathanville,2011,12210087
96,3858,5,3,2,Port Lorihaven,1981,15046769
97,1595,1,3,1,West Jeffrey,2011,6128558
98,2315,3,1,1,Port Charles,1983,8553280
99,3820,1,2,2,Lake Lisaland,1993,12634278
100,3077,2,3,1,Jessicaland,1995,11052365
101,551,3,3,2,New Robin,2015,4321813
102,3398,1,3,3,Vargasshire,2018,12093106
103,2517,2,3,2,East Kimberly,2017,9725767
104,2890,5,1,1,Ruizmouth,1988,11338091
105,3596,1,1,1,South Katie,1989,11545180
106,3807,2,3,3,Robertsonton,1999,13696833
107,2123,3,3,3,Changland,1984,9085788
108,927,3,1,2,Garrisonville,2015,5025743
109,2364,5,2,2,Cherylville,2004,10216667
110,3961,4,2,1,Jenningshaven,2011,14601551
111,1766,5,2,1,Jamesshire,1991,8426818
112,627,3,1,3,South Dave,1985,4048084
113,977,1,2,3,East Edgarchester,2011,4541305
114,521,1,3,3,West Nicholasberg,1999,3211006
115,2648,5,2,2,Timothyview,2005,11254952
116,2860,3,4,2,Rebeccafort,2020,11467603
117,1177,5,3,1,Lake Brett,2012,7154435
118,1954,2,4,1,Port Jamieberg,2017,8363674
119,2139,2,2,3,North Kellystad,2020,8547881
120,720,3,2,2,Michaelberg,2003,4625838
121,1423,4,1,3,New Josephfort,2012,7009337
122,3820,5,4,1,Reidfort,2011,15319893
123,2661,5,3,2,Mayfurt,2007,11443853
124,1677,1,2,1,Lake Dustin,2012,6046114
125,683,5,3,2,East Joseside,2001,5571941
126,941,5,3,1,Myersstad,1988,6015484
127,2551,4,3,2,Conleybury,2014,10705864
128,3850,3,4,1,Angelaburgh,1989,14017078
129,3381,3,4,3,South Robinbury,1985,13018536
130,2136,2,4,3,Lake Garyview,1992,8702614
131,546,1,4,1,Maloneburgh,2003,3201310
132,697,1,1,3,Leemouth,1982,2905232
133,2674,4,4,2,Lake Alejandrohaven,1986,11066309
134,1091,1,2,2,Bennetttown,1991,4568832
135,646,2,3,1,North Alicia,2007,3804147
136,951,1,1,2,Nancyside,2003,3792669
137,3581,4,4,1,Karenfort,2014,13999539
138,1646,1,3,1,Courtneymouth,1985,5980871
139,2683,4,2,3,Davidchester,2003,11005459
140,2442,2,3,1,West Loriville,1985,9087329
141,1553,2,1,1,South Michael,1992,5989940
142,3425,4,4,2,North Heidi,2015,13620150
143,2885,5,1,1,New Samuel,2002,11530370
144,3982,3,1,2,Lake Amanda,2007,13778362
145,3596,4,1,3,East Francisco,1995,13206752
146,1360,1,4,3,North Erica,1995,6248922
147,1175,5,4,2,Petersonchester,2014,7573883
148,1444,1,1,3,East Johnchester,1981,5130261
149,2190,2,2,3,New David,2014,8503127
150,2829,4,4,2,Lake Johnland,2013,11795496
151,3272,3,4,2,South Rebeccastad,1995,12770209
152,1647,2,1,2,South Shannon,2017,6724000
153,3007,4,4,1,Danaland,2004,12074650
154,1186,2,1,1,East Waynestad,1994,4795262
155,1963,4,4,2,Walkerfurt,2016,9489696
156,1839,2,4,3,Beckerberg,1984,7729869
157,2813,4,3,1,Carpenterchester,2011,11255400
158,2714,3,2,2,East Jacquelinetown,2016,10500459
159,950,5,1,2,Peterport,1981,5573610
160,2151,3,3,3,Jermainemouth,1990,8991026
161,3121,3,1,1,Traceyside,1991,10896793
162,3782,3,2,2,North Tammyfurt,2008,13693242
163,2287,4,1,3,Kristaberg,1988,9561820
164,579,4,1,3,East Karenstad,1985,4378288
165,1224,1,2,2,West Kyle,2013,4865858
166,914,4,2,3,West Lindatown,1990,5600711
167,2903,1,1,3,East Leah,1985,9726909
168,1382,3,3,3,New Juanton,1992,6937329
169,1010,2,1,2,Jamesville,2011,4559934
170,2000,4,4,3,Lake Nicholasland,2022,9680282
171,1663,2,1,2,East Dawn,2012,6457039
172,1434,3,4,2,Larrymouth,1986,7023780
173,1227,1,2,1,East Patrick,2003,4678690
174,2739,1,4,3,Grahamberg,1993,10062050
175,3835,3,1,1,Michaeltown,1986,12966180
176,2930,4,3,1,Lisabury,2019,11698619
177,3667,2,1,3,Bowenport,2014,12982848
178,2122,1,1,3,Lisachester,2019,7713798
179,1509,5,1,2,Smithville,1997,7339900
180,3338,5,4,2,East Kaitlyntown,1989,13887128
181,1360,2,3,3,Amberfurt,1984,6065098
182,1919,4,2,2,New Carlos,2010,8450735
183,820,4,1,3,Loriland,2003,5299802
184,1987,5,4,1,South Juan,1994,9666937
185,3850,5,1,2,South Pamela,2010,14785448
186,1894,2,1,1,Port Jonathanton,1985,6583647
187,1352,5,4,1,South Cole,2008,7843606
188,3016,3,2,2,Joshuaview,2017,11628469
189,3689,1,1,3,Port Melanieside,2022,12345851
190,1054,4,4,3,Amyberg,2017,6890250
191,1933,3,3,2,Glennport,2009,8392778
192,2471,2,1,3,Perezview,1997,8968539
193,2316,5,4,1,New Alexanderport,1987,10636420
194,1941,3,3,1,East Jeffreyport,2020,8404854
195,1394,4,2,3,Amyside,1997,7275483
196,1856,1,3,2,West Brentbury,1984,7116752
197,679,2,4,1,North Johnfurt,2000,4383795
198,1331,4,1,2,Phillipsport,1987,6346101
199,3886,2,4,3,New Madelineberg,2020,14431908
200,1419,5,1,3,Port Kelly,1990,7193531
201,3866,3,1,2,West Sherrytown,1989,13617820
202,3166,4,4,3,Mayhaven,2004,13164633
203,926,3,1,2,Lake Royview,2020,4845775
204,526,4,1,2,Williamsmouth,2016,4287204
205,1565,5,1,3,North Alyssa,1981,7627354
206,997,1,4,1,Ericview,1989,4687384
207,3700,3,2,3,Wrightmouth,1990,13331936
208,1895,1,3,3,Lake Zacharyside,2008,7494494
209,3513,5,2,3,Kevintown,2021,14193575
210,3911,5,2,1,Westbury,2019,15135995
211,621,3,3,3,Vanessaville,1990,4569225
212,1578,5,3,3,Gibsonport,2015,8766084
213,3701,1,1,1,Weissburgh,1982,11559877
214,829,1,3,2,Millerstad,2019,4098949
215,2268,3,2,1,Port Brendabury,1980,8641699
216,780,3,3,3,Perkinsmouth,1980,4740801
217,2063,5,4,1,Jenniferbury,1983,9572280
218,2850,1,1,2,Davisport,2007,9706225
219,1062,5,3,3,Conniemouth,2001,7065245
220,3494,5,1,1,New Kathleenview,1997,13401594
221,2939,1,4,3,Wilsonshire,2016,10919981
222,2615,1,4,1,East Joseside,1992,9395284
223,2336,4,2,2,West Michaelport,1990,9661871
224,1361,4,2,1,Garrettland,1990,6397038
225,1570,3,4,1,Knightmouth,2001,7343733
226,3696,3,4,3,Suzanneville,1983,13794143
227,3349,4,2,3,Ericton,1997,12888060
228,567,5,1,1,East Margarethaven,2010,4483533
229,2556,2,4,3,North Amber,2017,10586791
230,1239,4,4,1,Port Mollyberg,1997,6703995
231,3791,3,1,3,New Ralph,1983,13454619
232,1631,2,1,3,North John,2007,6659893
233,3709,5,3,1,West Bradleytown,1992,14491587
234,2680,3,1,2,Wheelerville,2004,9934658
235,2321,2,1,2,South Patricia,2016,8759754
236,1672,5,3,3,Lake Curtismouth,2021,9004192
237,1155,3,1,1,Meredithstad,2012,5443797
238,2851,2,1,1,Sandersview,2018,9842401
239,3218,1,3,1,Jeanshire,2022,11138746
240,2068,4,3,3,New Ronaldmouth,1996,9487186
241,2303,2,2,1,Alexberg,1994,8288272
242,825,1,4,1,Jasonshire,2012,4160375
243,1886,2,2,3,Schwartzmouth,2015,7854562
244,2428,1,2,2,East Julie,2003,8377853
245,1215,4,2,1,Michaelbury,1993,5953444
246,2675,1,3,1,Paulville,2012,9493502
247,1985,5,4,1,North Michaelstad,1982,9348930
248,3777,1,3,3,Port Gregory,1997,13243745
249,2020,1,1,1,Blacktown,2004,6817250
250,2337,3,1,1,Chaseville,1985,8462502
251,3644,5,4,1,Gibsonberg,1994,14598132
252,885,5,1,3,Port Sarah,1987,5559372
253,2140,1,4,2,Graveshaven,1985,7982375
254,2824,5,3,2,Doylemouth,2023,12220803
255,2503,1,2,1,Wesleyton,2016,8605349
256,1930,4,1,2,Oliverfort,2021,8349941
257,3547,5,2,3,Travisfort,1984,13985710
258,2701,2,3,1,East James,2002,9912618
259,2783,1,3,2,New Samanthaburgh,1991,9931315
260,1024,1,1,2,New Harold,1989,3864525
261,2046,4,2,3,East Lisa,1993,8881165
262,1780,3,2,3,East Nicoleberg,1984,7539587
263,3610,1,4,1,Morganton,1991,12353393
264,782,5,2,3,Port Emily,2003,5737607
265,3147,2,3,1,North Joshuaburgh,2015,11303663
266,1708,5,2,2,South Kathrynland,1990,8290360
267,2365,4,1,2,North Lori,2012,9587314
268,1269,1,1,2,South Staceyside,2014,5040744
269,3631,5,3,1,Lake Aaronside,2012,14448571
270,1746,4,3,1,Natalieview,1985,7889449
271,1409,4,1,1,New Jeffrey,1986,6205909
272,1807,5,2,1,Kathleentown,2002,8622141
273,2389,5,3,3,Avilashire,1995,10676084
274,1391,3,4,1,Port Rebeccastad,1992,6911038
275,932,3,4,3,Thomasmouth,2016,5814139
276,2778,2,4,1,Westfurt,1999,10318963
277,1354,1,2,1,Josephville,1987,4982546
278,3260,4,4,2,West Lisaton,2003,13023853
279,3540,4,4,3,North Nicholefurt,2005,14390906
280,1318,5,1,3,East Jessicabury,1991,6986238
281,3224,5,2,2,East Elijahfurt,2008,12934260
282,2365,5,4,3,Josephtown,1995,11238765
283,2260,4,3,2,Port Michellebury,2020,10058265
284,3855,4,4,3,East Christine,1996,15268387
285,3855,4,3,3,Port Raymondfort,2011,15114382
286,1821,2,1,1,Stephensview,1982,6446172
287,3554,5,2,1,North Justin,1996,13752670
288,1281,2,2,1,Hopkinsburgh,1993,5479212
289,1393,5,4,2,Hicksborough,1980,7757040
290,3296,3,1,2,Brandonburgh,1992,11952740
291,1924,1,3,3,Rogerstown,1990,7263646
292,1791,1,2,3,Joneshaven,2008,6705290
293,3484,5,2,1,East Davidmouth,2022,13554192
294,3596,3,4,2,Browningfurt,1985,13353217
295,2066,1,1,1,Tinafort,2006,6961754
296,2179,4,3,3,Wandabury,1980,9533632
297,2142,5,1,1,Christyberg,2005,9321712
298,1935,3,2,1,West Carl,2023,8087158
299,2950,5,3,1,Bakerberg,2011,12243468
300,2039,1,1,2,Lake Emily,1992,6957644
301,3206,1,3,1,West Jim,2010,10963446
302,3275,5,4,2,Heatherland,1996,13807065
303,1158,2,1,2,Allenton,2021,5292870
304,1903,4,2,1,Boyleside,2004,8177527
305,936,5,4,3,Allenfort,2020,7096081
306,3472,5,4,1,Harrismouth,2023,14165779
307,2970,4,4,1,Hallville,1981,11907936
308,3278,5,1,2,Kingstad,1981,12526849
309,1041,5,1,2,Jenkinstown,1995,5938027
310,3257,2,4,3,East Jonathanport,2022,12371333
311,1137,2,3,3,New Michelle,2003,5499653
312,710,2,4,2,New Adam,2022,4656509
313,3852,4,4,2,Lake Mary,1994,14663831
314,1489,4,1,1,Davidmouth,2000,6890893
315,1767,4,3,1,Pruittborough,2020,8163577
316,2750,1,4,2,Brendaside,2004,10204414
317,3003,2,2,1,Ashleyshire,2011,10476088
318,635,5,2,3,Crossview,2013,5542266
319,893,5,4,2,North Molly,2014,6624293
320,1926,3,4,2,Emilyburgh,2013,8782153
321,2018,3,2,3,South Oscar,2003,8559527
322,2757,5,1,1,North Alexandermouth,1986,11024089
323,2827,3,1,1,Gonzalezburgh,1994,10017166
324,3868,1,1,2,Ericberg,2008,12723084
325,2532,1,3,1,West Tammy,2005,8996953
326,737,2,1,1,Nicholasmouth,2005,3415984
327,2723,2,4,2,Jonathanview,2017,10706300
328,3435,5,1,2,North Michaelmouth,2009,13187823
329,1137,1,1,1,West Alexisstad,1983,3931995
330,643,4,3,2,Hollyton,2019,5092310
331,3200,3,1,2,Edwardsborough,2006,11803288
332,2273,5,4,1,Port Raymondburgh,1996,10378376
333,2594,4,2,3,Margaretborough,1993,10534681
334,3037,1,4,2,Garretthaven,1988,10684547
335,2885,4,3,3,West Carl,1985,11791800
336,715,2,3,1,North Jasonport,2021,4056487
337,2582,5,1,2,Littleton,2000,10797671
338,3092,5,1,3,East Shellybury,2023,12626439
339,804,2,3,1,Brownmouth,2013,4456025
340,2136,2,3,3,Lake Rebecca,2021,8996209
341,1666,4,2,2,Melanieland,2018,7785051
342,1207,3,2,3,Bakerborough,1985,6080471
343,1686,1,3,1,Heatherville,2015,6420690
344,1526,1,1,3,Collinsfort,2017,5829594
345,2178,2,2,3,Mcdonaldport,2015,8726805
346,1170,3,2,3,Audreychester,1994,5756184
347,3780,3,2,2,North Jenniferland,2019,13947477
348,3331,2,4,1,East Reginald,1993,12257842
349,2272,2,1,3,Meganfurt,1995,8244224
350,2468,4,2,2,South Jeffrey,2007,10124870
351,2426,2,3,2,Dillonmouth,2011,9354960
352,3365,5,1,3,Davidtown,2007,13430511
353,1847,4,1,2,Donaldton,2012,8107505
354,1010,4,2,2,North Victoriahaven,2002,5837953
355,3116,2,1,3,Troyborough,2008,11259408
356,1430,1,2,2,North Martin,2014,5636360
357,793,1,1,2,Lake Marcusstad,2013,3279541
358,3245,5,1,2,Port Joseph,2014,12910991
359,639,2,2,1,Port Carolhaven,2014,3674516
360,3298,4,2,1,Reginafurt,1987,12239153
361,1998,1,4,2,Rossfort,2017,8077929
362,1755,1,3,2,Bryantton,1983,6803283
363,3391,5,2,3,Gomezburgh,2018,13688756
364,1465,4,3,1,Port Joanton,2005,7191016
365,661,5,2,1,Travisstad,2012,5005637
366,1115,4,3,3,Port Carrieburgh,2022,6734859
367,996,1,3,3,Monicamouth,1983,4513819
368,2947,3,4,1,Warnerbury,1996,11547419
369,1226,3,1,2,Michaelchester,1996,5428101
370,1879,5,3,1,Kariport,1986,8986398
371,1688,2,3,2,Brentstad,2007,7231756
372,2086,1,2,3,Nicolemouth,1993,7490512
373,2927,1,4,1,Stephaniebury,2012,10728574
374,3886,3,4,3,Watkinschester,1981,14353068
375,2136,4,2,1,New Andrew,2002,8853765
376,2750,1,4,3,East Paulahaven,2017,10337183
377,3656,2,4,2,Michaelchester,2001,13163999
378,1104,1,1,3,Port Donna,2010,4435270
379,1293,1,4,3,Port Andrew,1997,6014884
380,1270,2,1,2,North Cassandraview,2015,5330362
381,664,3,2,2,Alexandrialand,2003,4357588
382,1287,3,4,1,Bishopburgh,2012,6795233
383,1202,2,1,1,Staffordton,1998,4667017
384,1666,2,4,1,West Jodyton,1992,7130608
385,3682,5,1,3,Ricebury,2002,14349051
386,3087,5,3,2,Lake Christopherhaven,2022,12958921
387,3789,2,2,1,Tylermouth,2006,13015144
388,2203,2,4,1,Tylerberg,2007,8743536
389,3486,5,3,2,Port Emilybury,2006,14250309
390,2852,3,2,3,Port Annashire,2000,11169616
391,3893,4,4,1,Riveraburgh,2014,14864563
392,582,5,3,1,South Mathew,2015,5085687
393,818,5,2,2,Bushville,1993,5824144
394,1973,2,1,3,West Wendyview,1982,7264895
395,2865,5,4,3,Bernardton,2016,12976472
396,1514,3,4,2,Brownside,2012,7629206
397,1222,4,3,3,New Jessica,2009,7179904
398,1939,5,2,2,Port Gregoryport,1981,9050389
399,2225,5,1,1,South Justin,2009,9328035
400,1530,3,2,3,Priceton,1991,6965995
401,2301,2,3,3,Lake Cassandrafort,2000,9035536
402,914,5,3,2,New Randall,2017,6493751
403,3476,4,2,1,Lake Adriana,2011,13201243
404,771,2,4,1,North Jennifermouth,2015,4530917
405,984,5,2,1,North Catherine,2004,5964735
406,2471,3,2,2,Dianaside,2003,9823205
407,670,2,1,1,Williambury,2017,3396637
408,2450,2,3,2,New Jason,1990,9482488
409,2728,4,2,2,Bernardberg,1989,10713476
410,848,4,2,2,Ebonyfort,2004,5409200
411,1356,5,4,3,West Lisaville,1997,8161308
412,1141,2,1,3,Tracyport,2001,5036242
413,1604,1,1,1,Devonstad,2004,5781732
414,884,5,2,2,Judyfort,1984,5727404
415,2752,4,3,3,Lake Ronald,2010,11762985
416,1804,2,3,3,Benjaminfurt,1981,7629712
417,565,5,1,2,Port Phillipville,1981,4329797
418,2194,4,2,3,Woodberg,2018,9538718
419,2849,4,4,3,Davidhaven,2020,12107186
420,3880,2,2,2,Medinaborough,1998,13535712
421,1984,5,4,1,North Jamieside,2014,9641780
422,1806,4,1,3,Garcialand,2002,7994286
423,3738,2,3,3,East Christopherchester,2016,13485642
424,1781,4,1,1,Mcdonaldburgh,2017,7696567
425,2469,2,4,2,Hernandezville,2023,10116918
426,2004,1,3,3,Schultzburgh,1989,7667623
427,1175,3,1,3,East Nicholasberg,2006,5872955
428,1478,3,3,1,Melissafort,2016,6777907
429,1465,2,1,3,Clarkside,2019,6234332
430,2126,1,1,2,Jordanfort,2021,7512407
431,3490,2,4,2,North Douglasmouth,2001,12809868
432,2423,4,2,1,Katherineton,1991,9882874
433,885,4,3,1,Ryanborough,2000,5614501
434,2079,2,4,3,Nicholasberg,2018,8837584
435,1986,1,3,2,West Johnnyland,2023,7920421
436,3687,5,2,3,Danielville,1994,14273817
437,609,1,2,2,Lake Justinberg,2007,3298849
438,1310,3,2,2,East Gregory,2007,6448086
439,3674,5,4,2,Hernandezside,2000,14737826
440,1621,2,4,1,West Pamela,1988,6711518
441,1738,2,2,3,Carterfort,1981,6896284
442,3641,1,3,3,West Christophermouth,2000,12792546
443,3224,4,1,1,Lake Jacob,1987,11970668
444,624,5,3,2,East Joseside,2020,5678566
445,3550,1,3,3,South Ralph,1993,12281675
446,1337,1,4,1,West Rose,2022,5955422
447,1848,5,1,3,East Haley,1983,8453003
448,3626,1,1,3,North Jennifertown,2018,12077467
449,3907,4,2,2,Lake Jessica,2001,14340436
450,951,2,3,3,New Justinstad,2020,5246927
451,2444,5,4,3,Frenchton,1999,11282922
452,2587,4,3,2,New Donna,1988,10527716
453,3830,2,4,2,Port Ericstad,2020,13955718
454,3880,5,3,1,New Heidi,2002,15159537
455,2131,4,4,3,Port Christina,2018,10228463
456,710,1,4,2,Lisachester,1992,4072111
457,3043,2,4,1,Timothymouth,2007,11150519
458,1914,3,4,3,Tarabury,2011,9011948
459,1014,2,2,2,South Erikaport,2001,4829234
460,3665,2,3,2,Glovershire,1992,13046513
461,850,4,2,2,Rogershaven,2022,5354747
462,2528,3,3,2,New Jenniferburgh,2004,10281847
463,3413,4,3,3,North Luismouth,1981,13271486
464,2041,3,2,2,Martinezburgh,2018,8482683
465,3777,1,3,1,East Megan,1989,12504729
466,2499,4,3,1,South Laura,1992,10130030
467,3219,4,4,2,Port Jonathanfort,1991,12766040
468,656,4,1,3,New Heather,1992,4659916
469,2283,3,1,1,Schroederbury,1994,8430385
470,1605,1,4,2,Port Kaitlyn,2018,6682315
471,2929,1,1,1,Kevinborough,2001,9396522
472,3658,1,2,1,West Cynthia,1990,11731840
473,3413,1,4,3,East Brandon,1983,12102215
474,2274,2,1,3,North Elizabethport,1992,8448322
475,3487,2,1,3,Rebekahtown,1997,12211816
476,1833,1,2,1,West Benjaminmouth,1993,6659202
477,3814,5,2,3,West Maryberg,1988,14783598
478,1010,4,2,2,Stevensmouth,1988,5474762
479,3624,3,2,2,South Marychester,2009,13201411
480,885,3,1,2,Emilyport,2022,4865344
481,2382,2,1,1,West Jesus,2012,8698241
482,811,4,2,2,Clarkland,2002,5038226
483,2118,4,4,3,Richbury,1987,9820058
484,2506,3,2,1,Brownhaven,2009,9807438
485,3540,2,4,3,Dominiqueshire,2020,13409156
486,2153,5,4,1,Port Mitchell,1981,10061355
487,1194,5,2,2,Port Christine,1991,6881186
488,2504,3,2,1,North Lisa,1986,9532573
489,3743,1,3,1,Lake Maurice,1986,12580950
490,1916,2,2,3,Houseborough,2013,7952907
491,3522,2,4,3,Michaelton,2021,13273038
492,1089,2,2,3,Francisfurt,1985,5210910
493,2706,4,1,2,North Katherineport,2013,10806870
494,2535,3,2,2,Lake Andrew,2018,9953610
495,1082,1,4,3,North Jesseland,2005,5354796
496,1605,3,3,1,Stanleytown,1996,6950698
497,1853,4,1,1,Morrisfurt,1995,7640965
498,2218,1,1,3,North Darrellside,2019,7809420
499,1592,1,1,3,Reevesfurt,1990,5881782
500,2600,5,3,1,Mcdonaldside,2018,11370981
501,1802,3,3,3,Cummingsside,2008,8341203
502,867,3,1,3,Port Angela,1996,4815355
503,3868,4,2,3,New Shawn,1994,14614758
504,3290,2,3,2,South Laura,2019,12000696
505,1305,2,2,1,Port Paulshire,1984,5461035
506,1600,1,2,3,New Tonybury,2000,6214633
507,573,4,3,1,Austintown,2005,4520087
508,714,3,2,3,North Matthewtown,2001,4571227
509,2725,5,2,3,East Lisa,1980,11383730
510,3206,3,3,2,West Brianberg,1987,11915410
511,2594,5,1,1,Robertview,2005,10670297
512,833,4,2,2,South Jenniferchester,2007,5432360
513,1524,2,3,3,North Davidburgh,2000,6730383
514,1588,2,3,3,Bradfordfurt,1992,7030396
515,1588,5,1,2,Port Lisa,1990,7607562
516,3137,4,3,3,Port Brittneyshire,2018,12649831
517,1727,4,2,1,New Makayla,2022,7790476
518,1765,2,4,3,East Tammy,2021,7901634
519,2184,1,1,1,Carlahaven,1981,7169188
520,2686,2,2,1,North Kevinview,2022,9771305
521,2721,3,3,3,Marcusside,2023,11047023
522,2529,2,1,1,Lake Mariaport,1980,8746960
523,3381,3,4,2,Sethview,2023,13242815
524,1379,2,1,1,Johnsburgh,2002,5269269
525,2673,5,2,2,Pagemouth,1983,11144687
526,832,5,2,1,Josephmouth,2002,5742772
527,3494,5,1,2,West Rickey,1998,13497605
528,1123,2,3,1,Port Mark,1995,5175654
529,3839,5,1,1,Richardsontown,2022,14498942
530,2787,5,1,2,Deborahberg,2006,11286201
531,3001,3,1,1,Lambury,1998,10695055
532,3765,4,2,2,New John,2006,14157372
533,2648,2,2,2,Owenborough,1997,9847361
534,2872,4,2,1,North Lisaport,1996,11262768
535,929,5,4,1,Crystalhaven,2005,6530075
536,576,4,4,1,West Jeremiahton,2005,4875033
537,1216,3,2,2,Anthonytown,1997,5828394
538,2287,4,2,1,Millerview,1992,9501348
539,2926,4,3,3,North Stephanie,1982,11745928
540,2761,1,3,1,West Johnview,1994,9608476
541,1956,5,4,2,Davisland,1985,9497529
542,3427,2,4,1,West Sarahville,2008,12704788
543,2101,3,1,2,East Royborough,2002,8370057
544,2145,2,3,3,Brittanyfort,2012,8663922
545,3994,3,1,2,Danielhaven,2010,14110455
546,2693,5,4,3,Moorefurt,2016,12424250
547,534,5,1,3,Sandovalville,2019,4908063
548,2363,4,4,3,Aaronbury,1991,10596646
549,3922,4,1,2,Lake Kathrynberg,1989,13979656
550,1579,4,1,2,West Nancy,1984,7223198
551,2596,3,1,3,Clarkport,1995,9809250
552,1580,2,2,3,Brittanyview,1986,6488046
553,3512,1,4,1,West Samuel,2009,12325601
554,2016,4,2,1,Port Christina,2004,8773673
555,1142,2,3,3,Lake Seth,2010,5970087
556,2932,4,2,1,Lake Brettstad,2022,11508362
557,3769,4,4,1,West Brianna,1999,14476366
558,756,3,1,3,New Ricky,2011,4518956
559,2941,4,1,2,New Justinborough,2005,11293761
560,2890,5,4,2,Ronaldmouth,2007,12538373
561,3349,5,2,1,Armstrongtown,1998,13242690
562,1913,1,3,3,Lake Sarahmouth,2009,7683813
563,640,3,3,3,West Brian,2014,4878616
564,2602,1,1,3,New Jonathan,2009,8937275
565,3058,3,4,1,Sarahland,2005,12048176
566,1507,3,1,1,Port Matthew,1982,6206057
567,3291,3,2,3,Aliciaberg,1997,12351475
568,539,1,4,3,East Stephen,2003,3698238
569,1338,3,4,1,New Brandy,1984,6529863
570,3646,4,4,2,West Patrick,2011,14221526
571,727,1,4,3,Austinshire,1990,4207096
572,2342,4,2,1,North Dennis,1989,9582747
573,1808,4,1,3,Lake Conniemouth,2016,8369665
574,976,3,2,3,Lake Haleyfort,2022,5746390
575,3391,3,4,3,New Rachel,1998,13250864
576,1670,2,3,1,Nelsonfurt,1995,6732178
577,2268,2,2,2,New Michaelmouth,2009,8703792
578,2448,5,1,3,South Anthony,2001,10440816
579,3047,2,1,2,Hodgesport,1985,10299244
580,2549,1,4,1,Anthonyhaven,1992,9162899
581,1770,5,3,2,North Jennifershire,1994,8873717
582,3611,2,1,1,Michelleborough,1987,11823704
583,3806,5,2,2,Marciamouth,2012,14851517
584,2975,4,1,3,Brendashire,1981,11317030
585,1411,1,2,2,Lake Stephen,1988,5205048
586,2790,3,3,2,New Dana,1991,10817896
587,3548,3,3,2,Lake Jennifer,1988,12995619
588,3415,1,1,3,Cassandramouth,1987,11351151
589,1599,1,3,2,Port Jessica,2011,6303149
590,818,5,4,1,East Jessica,2020,6250800
591,1474,2,2,2,North Vincent,1993,5954289
592,1461,2,1,1,Elizabethton,2009,5747920
593,1404,3,1,3,Williamshaven,1997,6194374
594,2947,1,1,1,Teresaborough,1992,9573296
595,3616,4,2,3,Kellyland,2005,13771797
596,2298,1,3,3,West Bobby,1981,8576853
597,1901,3,3,3,West Morganhaven,1988,8177323
598,1013,5,1,3,New Carolynstad,2004,6385322
599,2202,4,2,2,Lake Kathyport,2012,9296396
600,1888,3,4,1,Lake Shannonview,1989,8267966
601,2516,3,1,3,Bruceshire,2009,9930441
602,862,1,4,3,Sarahport,2021,4691607
603,1606,1,4,3,Jonesbury,2006,7127362
604,785,2,1,2,Stephanieville,2020,4149680
605,692,5,2,3,Patriciastad,1998,5424894
606,2390,1,3,3,East Kimberly,1996,8975594
607,3528,5,2,2,New Shellyhaven,1984,13790749
608,1531,1,1,2,East Lacey,2006,5760841
609,1840,2,2,3,Floreschester,1993,7441514
610,2258,3,3,2,Williamsbury,1999,9396421
611,641,4,2,2,Meghanberg,2018,4687798
612,1949,3,2,1,North Travishaven,1987,7893764
613,1808,4,2,2,East Brandi,1984,8069490
614,2579,2,2,1,Johnsonhaven,1994,9253005
615,3637,3,3,1,Leachton,2020,13613035
616,1732,5,1,3,Lake David,1990,8090180
617,3224,2,3,1,Waltersborough,2017,11849300
618,651,1,2,2,East Peterhaven,1981,2986507
619,900,4,1,1,Velazquezbury,2006,5170949
620,2231,1,2,2,North Richard,2004,7875899
621,3682,5,1,3,South Lori,2017,14340871
622,2908,2,1,2,Port Jeremyshire,2021,10296819
623,645,5,3,3,Coletown,2021,5845056
624,3267,4,2,2,Garciashire,2021,12922776
625,1641,1,1,3,Port Jill,2017,6140630
626,2001,5,1,3,Lindahaven,1983,8794616
627,2962,3,1,2,Carlsonborough,2000,10744547
628,629,2,1,3,Port Ryanfort,1983,3401636
629,2747,2,3,3,Lake Troy,2013,10495416
630,3545,2,3,3,Wilsonmouth,2008,12806412
631,2475,3,2,3,West Nathanielburgh,2013,10120495
632,2032,5,3,1,West Christina,2021,9788829
633,1220,5,3,3,Port Juan,1992,7500533
634,2401,4,2,1,New Josephmouth,2010,9713469
635,3169,1,4,1,Jonathanfort,2020,11219212
636,970,2,3,3,Wrighttown,2021,5556621
637,1281,5,3,3,East Anaside,1989,7288002
638,2207,2,3,3,Port Justinview,2002,9089042
639,2704,4,1,2,Heidiberg,2022,10833515
640,1834,4,3,2,Davisfurt,2003,8707534
641,1408,5,4,2,Bethview,2020,8414749
642,1922,3,4,1,Fritzside,2003,8574589
643,773,4,4,1,Richardberg,1991,5187646
644,2794,2,3,1,Devinland,1987,10287351
645,2697,1,3,1,Lauraland,1985,9295558
646,1696,3,4,3,West James,1998,8155501
647,3642,4,3,1,East Melissa,2017,13968519
648,3580,2,1,3,Jodyside,2022,12766086
649,2254,5,1,3,Lake Craigshire,2005,9896816
650,2324,5,4,2,South Stephen,2005,10832416
651,2897,4,3,3,Chaneyville,1989,11779050
652,3649,2,1,3,Lake Jacobchester,2002,12735463
653,2802,3,1,3,Joshuastad,2008,10667950
654,2997,4,2,1,New Bradport,1994,11676000
655,2438,5,1,1,East Jesusshire,1981,9966624
656,1361,3,4,1,New Rhondamouth,1997,6734221
657,3180,2,1,3,New Lauraberg,1980,11153670
658,883,3,4,2,West Williambury,1982,5345376
659,3523,3,4,1,Calebland,1980,13125362
660,2769,1,3,3,Lake Angelamouth,2023,10208759
661,2830,2,2,3,Sandratown,2023,10766650
662,2378,5,2,3,West Victoriaton,1994,10709919
663,1067,5,2,3,Lake James,1986,6549853
664,3723,3,4,2,Maryside,2022,14420810
665,3991,3,3,3,West Donaldshire,1983,14726944
666,1061,1,3,3,Russellbury,1980,4776509
667,1128,4,1,3,Shortville,1986,6006672
668,3665,2,1,3,New Jeffreybury,2018,12664079
669,1489,1,3,3,Michaelmouth,2020,6368083
670,513,3,1,3,Brianside,1996,3799353
671,778,2,3,3,Katrinaport,2021,4955734
672,731,3,2,1,Tateside,2016,4228684
673,2262,4,4,1,Port Kathryn,1987,9956685
674,1185,4,4,1,Lindseyville,2010,6666781
675,947,3,2,2,Justinberg,2002,5194956
676,1432,5,4,3,East Johnshire,2019,8651295
677,1881,2,4,3,New Ashley,2021,8342114
678,3416,1,2,3,Lake Patrick,1996,11568719
679,960,1,2,2,Jeffreyland,2016,4144809
680,1075,1,4,1,Ellishaven,2022,5018776
681,2176,3,2,3,Peterberg,2013,9070102
682,3746,5,1,2,Josephborough,2000,14300015
683,705,1,2,2,Cunninghamberg,2010,3303638
684,1602,3,2,1,North Michael,2017,6936165
685,2754,2,4,1,Cookside,1994,10344809
686,1553,4,3,2,West Marktown,1987,7459100
687,3368,4,2,3,Dustinmouth,2016,13148775
688,1124,2,1,3,Watsonberg,2014,5353326
689,1976,3,3,1,Port Dennisbury,2006,8209468
690,1113,5,4,1,South Danielle,1980,6916601
691,3745,4,3,1,Gordonburgh,2002,14062413
692,2622,4,3,3,East Nicholas,1985,11123268
693,3973,2,3,1,Port Ruthburgh,2000,13798297
694,624,4,4,2,Daleton,2011,5289252
695,1208,5,1,2,Michellestad,2004,6468712
696,1237,3,1,3,Port Jacobstad,2001,5887639
697,1017,1,1,2,Chasemouth,2005,3950483
698,1556,1,2,3,Lake Scottberg,2023,6373584
699,2351,3,1,1,Michaelshire,1997,8801292
700,2660,2,2,1,New Abigailfurt,1991,9375219
701,2785,2,2,2,Ruthville,1992,9858221
702,2965,5,4,3,New Katherinetown,1989,12794511
703,3861,2,1,2,Brianburgh,2018,13189602
704,2994,3,2,2,Fitzgeraldland,2003,11333896
705,3866,2,4,2,Williamsberg,2001,14001464
706,1370,4,3,3,Larsonville,2022,7581105
707,3419,5,2,2,Marymouth,1999,13431341
708,554,4,3,3,North Elizabeth,1996,4918291
709,837,4,3,3,Katherinetown,1989,5823211
710,908,4,4,3,New Marymouth,2007,6182471
711,3342,5,3,3,West Anthonyton,1999,13602145
712,1462,4,3,2,East Jonathanside,2014,7574685
713,3514,2,4,1,Grahamhaven,2008,12709718
714,2755,4,2,1,Elizabethstad,2003,10830855
715,2158,4,4,2,Colleenbury,2004,9771710
716,3484,5,4,3,Ashleymouth,1993,14579951
717,1036,3,2,1,Lake Margaret,2017,5432799
718,3094,5,2,1,North William,2005,12439496
719,3820,3,3,3,Sanfordbury,1987,14070812
720,2162,3,4,1,Richardport,2003,9152930
721,956,2,4,1,Perrytown,2014,5241164
722,629,4,3,2,Josephside,1993,4788015
723,1465,4,2,2,Johnsonmouth,2010,7184151
724,3242,5,2,3,Lake Robert,1998,13138136
725,596,2,1,3,Maciasburgh,2001,3581552
726,3164,1,3,2,Jonesside,1988,10848335
727,1113,2,2,1,South Richard,1980,4614541
728,2993,5,2,1,East Jeffreyberg,2023,12333865
729,3785,3,1,2,Lake Douglas,1994,13317839
730,2927,2,4,1,Fischerton,2013,10934641
731,2748,3,3,1,Rodneymouth,1980,10268107
732,739,1,2,3,New Rachel,1980,3330174
733,2432,5,4,1,Katiefort,2006,11086616
734,1193,1,4,3,North Michelle,1981,5385149
735,2587,5,2,2,South Joshuafurt,2014,11064077
736,2902,1,1,1,South Peggy,1999,9526087
737,3081,1,1,2,Robinsonberg,2004,10395983
738,2854,4,1,1,Emilystad,2016,10812670
739,1603,1,1,2,Brownville,1980,5437035
740,2046,3,2,2,Lake Jamesland,2022,8788935
741,1702,1,4,3,Jacksonfurt,2011,7072611
742,1066,4,2,1,Lake Brianna,1989,5583523
743,2769,4,4,1,Philliptown,2021,11578591
744,996,1,1,2,Aguilarfurt,1986,3627579
745,932,5,4,3,Lake Richard,1980,6653052
746,2253,1,4,3,Rodneyborough,2022,8953306
747,959,3,4,2,Port Douglas,2014,5719384
748,2071,4,1,2,Montgomeryville,2021,8902861
749,3059,1,2,3,Donovanmouth,1997,10780903
750,2559,4,4,2,New Cheyenne,1988,11030425
751,1573,2,3,2,Lake Angelaview,1994,6786132
752,2784,3,4,2,East Anna,1994,11067495
753,1542,4,1,2,East Dawntown,2006,7124965
754,1059,2,2,1,Lake Luis,1997,4822108
755,2477,5,2,1,Wayneland,2012,10581698
756,1056,3,1,3,Alexanderview,2000,5224863
757,2317,4,3,2,South Gerald,1998,10156222
758,774,1,3,3,Jerrybury,1987,3818386
759,937,5,3,1,North Frederickberg,1999,6076217
760,1790,4,4,3,West Angela,2021,9014517
761,2592,2,1,2,Joshuaburgh,2004,9444620
762,3702,5,1,1,South Bethton,1995,13708225
763,3668,3,1,3,West Alexandramouth,2021,13525647
764,822,3,2,1,Griffinmouth,2002,4708719
765,1159,2,3,3,Monicabury,1998,5795020
766,1352,3,3,2,West Maryport,2000,6627098
767,1196,5,3,3,Bennettfort,1984,7294347
768,513,4,3,3,New Brookefort,2017,4987482
769,2499,5,3,1,Lake Paulburgh,1988,10814516
770,2314,1,2,2,Jamesburgh,1984,8225023
771,3916,4,3,2,Blairside,1983,14498091
772,3279,5,1,2,Mayshaven,1997,12762233
773,2702,4,3,3,Dunlapfurt,2011,11665294
774,1274,3,4,3,Montoyashire,2017,7139614
775,1676,4,3,1,Brownfort,2012,8095347
776,2780,3,1,3,South Lisa,2021,10828802
777,2465,3,3,2,New Thomas,1999,9990891
778,934,5,2,3,West James,2013,6368114
779,1786,3,3,3,East Brittany,1984,8094718
780,846,2,4,2,Port Matthew,2003,5068123
781,861,1,3,1,Mahoneyhaven,1984,3960282
782,3852,4,2,3,West Lindaton,2014,14825286
783,1165,5,1,2,Allenfort,2016,6427805
784,2770,4,2,3,West Johnberg,1983,11267783
785,3386,4,2,1,Castroland,1988,12669691
786,1362,2,1,1,Choichester,2007,5257251
787,3329,2,3,1,Jacobsside,1993,11962739
788,3939,4,1,2,Obrienfurt,1990,14274055
789,548,1,3,1,South Cynthiaburgh,1999,2941589
790,1571,5,2,2,Lake Andrewport,1996,7809622
791,1894,2,2,3,South Christine,1984,7614723
792,3666,2,1,3,West Sydneytown,2000,12452973
793,3277,1,1,2,Mooretown,1997,10856525
794,1971,2,1,3,South Thomas,2003,7609437
795,3375,4,2,2,Santiagoland,2000,12765173
796,3914,5,2,2,East Gilbertmouth,2023,15250738
797,1127,5,1,1,West Davidland,1982,6012312
798,1276,5,3,3,East Kathleen,2022,7607818
799,3969,5,1,1,Hernandezshire,1999,14608870
800,1503,5,4,2,East Andrewhaven,1989,8246055
801,3051,4,4,1,Port Tylerside,2011,12553631
802,1352,4,3,3,New Paulview,2001,7331974
803,2851,1,1,2,Jameshaven,2005,9619097
804,1659,3,3,1,West Kevin,1984,7078171
805,500,4,2,2,Hinesmouth,1991,4264492
806,532,2,1,1,Johnside,1982,2730850
807,2106,5,2,2,Lake Lydia,1983,9424037
808,810,5,2,1,Kimstad,2015,5522798
809,1880,5,4,3,Denisefort,1996,9661397
810,3814,5,3,1,Williamport,2020,15149326
811,3677,1,1,2,Waltertown,2019,12052297
812,3018,4,3,1,Mitchellview,2020,11936979
813,579,1,3,3,Port Rachel,2005,3438330
814,3095,4,1,1,Frederickfurt,2020,11848306
815,2599,1,2,2,Karenmouth,1982,8816087
816,1073,2,2,1,Susanbury,2021,4986207
817,2747,2,3,3,Eileenfurt,1984,10433178
818,3104,1,3,3,New Chrisland,2021,11179135
819,1692,4,3,2,Hornemouth,1990,8035392
820,3563,1,2,1,West Timothyville,1993,11846523
821,3206,3,3,3,North Nicole,1996,12206122
822,639,5,1,3,Heatherland,2013,5337482
823,2307,2,2,1,South Jessicaborough,2003,8575993
824,3421,5,4,2,Port Ronaldside,1987,13862973
825,1735,3,3,1,Port Douglasberg,2013,7494709
826,3104,2,4,3,Lake Tracy,2016,11837811
827,1484,5,3,3,Arnoldhaven,1985,7862340
828,2380,3,2,1,New David,1984,8972683
829,3218,2,3,3,Princetown,2018,12121870
830,1058,2,1,3,New Deborah,1996,4681858
831,3766,1,1,3,Madisonville,1989,12283283
832,2346,4,4,3,North Mollyborough,2020,10780200
833,2291,4,2,1,Gallagherhaven,1987,9238978
834,2222,1,4,2,Robertchester,1981,8155261
835,3018,2,1,1,South Thomasstad,2015,10320645
836,2369,4,1,3,Johnsonmouth,1994,9664777
837,1351,4,2,3,South Christine,1988,7038703
838,3546,2,1,2,Shannonfurt,1982,11908826
839,3381,4,2,3,New Jamie,2003,13089515
840,651,3,4,2,West Timothyshire,2010,4703361
841,3475,4,1,3,Sallyhaven,1989,13057250
842,2930,5,3,3,Garnermouth,1990,12491656
843,2067,5,4,1,Holmeshaven,2013,9991216
844,1307,5,3,2,Joneshaven,2021,7875443
845,564,1,3,1,West Susan,2000,3214838
846,2294,5,4,2,North Jared,1984,10699006
847,3905,4,3,3,Wilsonview,1997,14835955
848,3204,3,2,2,New Dawnland,1990,11861303
849,2885,5,1,3,New Kristieside,2000,11638365
850,567,3,3,2,South Spencerport,1985,3943796
851,1499,4,2,1,Lisaport,2007,7256950
852,3279,5,2,1,Port Jefferytown,1980,12646577
853,2214,4,3,2,Reedmouth,1991,9586622
854,1898,1,2,3,Vazquezfurt,2017,7294832
855,2754,2,4,1,North Jeffreyburgh,1985,10086126
856,1754,3,4,3,Lake Nicholas,1986,8214591
857,2647,2,2,3,West Phyllis,1997,9853836
858,573,3,3,2,East Robertton,2005,4248343
859,1399,2,4,2,Lake Michellehaven,2011,6783833
860,758,4,3,3,Joelton,2008,5567133
861,764,5,3,3,Scottland,2009,6324551
862,530,2,2,3,South Abigail,2014,3864110
863,2082,4,3,2,Abigailview,2006,9168525
864,2870,1,1,2,West Brittanyview,1997,9452195
865,2072,1,2,1,Rachelchester,2022,7565861
866,2875,1,1,1,East Calvinmouth,2013,9642223
867,3396,2,4,3,West Danieltown,2016,13081416
868,1877,4,1,2,East Paul,2023,8321869
869,2310,5,4,2,Prestonport,1994,10881332
870,784,4,3,1,West Ericaville,1980,4818929
871,2330,2,3,1,North Jeanne,2007,9002683
872,1614,3,2,2,Stephaniemouth,1985,6775278
873,1950,5,2,3,Amberfurt,1999,9139055
874,1820,3,1,2,Rossburgh,2022,7721554
875,1858,4,3,3,Phillipfort,1989,8674947
876,2131,2,3,2,Lake Christian,1991,8250898
877,3130,3,4,1,North Shanestad,1983,11692063
878,1120,4,1,3,East Patriciashire,1995,6140600
879,2903,1,1,2,East Robertfurt,2006,9815870
880,2279,1,3,2,East Benjamin,2010,8659040
881,2584,2,3,3,Jocelynhaven,1997,10113853
882,2361,3,3,2,Port Matthew,1997,9696504
883,2919,5,2,3,Pattersonville,2018,12376070
884,2578,4,3,3,Petersenchester,2012,11115297
885,2776,1,1,3,Salazarland,1988,9460896
886,1626,5,3,1,Port Denisehaven,1984,8195031
887,1906,5,2,3,Port Melissa,2011,9295539
888,905,3,1,1,Buchananberg,2012,4462606
889,792,4,4,1,Port Troy,1998,5546385
890,948,4,3,1,Lake Eduardo,2013,5835565
891,1878,4,1,3,Nicoleland,2022,8373647
892,3210,3,3,1,Evanshaven,2021,12184651
893,1051,4,3,3,Danieltown,2023,6790447
894,3431,4,3,3,East Spencershire,2017,13608966
895,3184,1,2,3,Meganhaven,2021,11018462
896,2372,1,1,2,Lake Jamesborough,2017,8320961
897,3596,3,2,1,Rebeccachester,1982,12487204
898,2918,4,3,3,Donnaville,2016,12341060
899,3479,1,1,1,Brockfort,1982,10833886
900,3216,4,3,1,West Kevin,1984,12529718
901,1507,4,4,3,East Paul,2022,8342884
902,3715,4,3,3,Cathyfurt,2004,14448564
903,2230,3,2,2,Campbellburgh,1997,9006774
904,3979,1,2,3,North Sandra,1992,13485912
905,3238,4,3,1,Fernandoburgh,2010,12514768
906,3349,5,2,3,Kathrynmouth,2022,13517438
907,2957,5,4,2,Cunninghamchester,1980,12564641
908,1947,1,1,3,West Wendy,1992,7045528
909,2947,2,4,3,West Erica,1993,11325311
910,3035,1,3,3,West Alexanderbury,2001,10671778
911,2460,3,4,1,East Jeffreybury,1989,9788218
912,3441,1,4,1,South Kayla,1983,11653246
913,591,1,3,3,Nguyenmouth,2000,3402448
914,3643,3,4,3,Port Damon,2016,14183148
915,607,3,1,2,West Andrealand,2008,3988263
916,1429,4,2,1,Lake Patriciaport,2003,6725315
917,1784,4,1,1,Evansfort,1991,7330394
918,3809,3,3,3,Markstad,1991,13990119
919,1524,4,4,3,Ballardbury,1981,7758223
920,3659,3,4,1,New Veronica,1984,13430658
921,3558,2,2,2,Lake Andrewview,2002,12437906
922,3463,1,4,3,New Garyfurt,1985,12188106
923,603,4,3,2,East Natalieside,1993,4907640
924,3805,3,3,3,Brianmouth,1998,14096203
925,1867,2,4,3,Rothtown,2000,8272621
926,2566,4,1,1,West Angela,2004,9989584
927,1622,1,3,2,Wilkinsonbury,2005,6560657
928,1201,3,1,1,Davidshire,2000,5552364
929,3700,4,1,3,North Angela,1980,13403321
930,3494,1,3,2,West Adam,1994,11820164
931,2399,1,2,3,Port Kimberly,1980,8565940
932,3920,2,3,1,Lake Amanda,2008,13718132
933,3834,4,4,1,Robertborough,2023,14778463
934,1185,5,3,1,Wendyfurt,1988,6776386
935,1432,2,2,1,Kevinville,2019,5995679
936,2106,3,4,3,Mooreton,1992,9465943
937,3519,3,2,3,Kaufmanburgh,1998,12875883
938,3417,3,2,1,Port Robertfort,2007,12506980
939,1256,4,2,2,East Timothyside,2004,6504882
940,2565,4,1,1,Kyleton,2017,10154658
941,2893,4,4,3,Nicholasmouth,2016,12451411
942,3404,5,2,2,New Kathryn,2002,13508204
943,2514,1,3,3,Brittanystad,2005,9154143
944,2715,4,1,3,Mooreshire,1995,10601562
945,2856,1,4,1,New Katherine,1991,10305128
946,3073,1,3,1,North Patrick,2000,10385831
947,3433,2,2,1,Danielberg,1983,11549669
948,3020,5,1,3,Alexandriaborough,1996,12150239
949,3190,4,2,1,South Johnburgh,2021,12219052
950,1384,3,4,2,North Johnny,2008,7107043
951,1096,4,4,2,West Amanda,2010,6632596
952,1590,2,2,2,East Evelynburgh,2005,6703302
953,3546,3,2,1,South Nancytown,2015,12661484
954,1848,4,2,1,West Brooke,2018,8218482
955,1488,2,4,2,Simpsonville,2013,6924531
956,663,3,3,3,Chaseside,2002,4832030
957,3598,5,3,3,Jacobston,1999,14592216
958,1449,4,3,1,Jimmyberg,1997,7197110
959,1360,4,3,1,Leemouth,1989,6689545
960,984,3,2,1,Rosston,1988,4958833
961,500,5,4,3,West Brian,1983,5183222
962,3304,2,3,3,East Jason,2007,12391925
963,2078,4,1,2,Lake Michael,2021,9060023
964,3959,5,3,2,Mollyborough,1988,15306141
965,3032,2,1,2,Port Lisaland,1996,10586770
966,3563,1,2,2,Garciaport,1991,11813299
967,703,4,1,2,Andradefort,2001,4714602
968,3409,1,3,3,East Angelatown,2019,12299276
969,2042,5,3,2,North Moniquemouth,2014,9691330
970,892,5,2,3,Lake Jessicaville,1989,6159112
971,3691,5,3,2,Malloryport,1993,14595669
972,3038,4,4,3,Karaland,2017,12721058
973,2562,2,2,1,Ochoaburgh,2014,9521841
974,3835,3,2,2,East Adrianborough,1993,13704269
975,2283,2,2,1,Meganshire,2011,8313820
976,1339,5,3,1,Port Danny,1996,7439858
977,1919,4,1,3,Peterton,1985,8349949
978,2492,5,1,3,North Susanfort,1987,10394246
979,2100,4,2,2,Leonardmouth,2016,9063170
980,3820,3,3,2,Samanthafurt,2000,14171487
981,684,1,1,1,Sarahhaven,2015,2926939
982,2518,2,2,2,East Jonathan,1982,9026669
983,988,4,4,2,West Phillipside,1990,6063058
984,2892,3,4,1,Buchananhaven,1998,11437649
985,1787,3,1,3,Nicholasview,2012,7674453
986,2735,1,1,3,Marissaburgh,2000,9536673
987,2626,1,1,1,Lopezfort,2012,8720135
988,2871,4,1,2,Warrenville,1996,10881947
989,1282,5,2,3,Obrienville,1987,7166371
990,3255,3,2,1,Justinmouth,2007,12076147
991,3831,2,1,1,West Karina,2021,12768433
992,3579,4,3,2,Robertland,2022,14164052
993,1970,4,2,1,West Amanda,2015,8666348
994,3729,2,3,1,South Tyrone,1996,13132016
995,1116,1,3,1,South Kevin,2017,4964637
996,2903,3,3,1,Brianbury,2012,11209144
997,1938,5,2,1,New Jim,2000,8710825
998,1758,1,2,1,Trevorshire,2008,6342576
999,3138,5,4,3,South Zacharyhaven,2004,13558530
1000,3748,3,1,3,Port Brittanyshire,2019,13593998
